{
    "image_info": {
        "width": 1152,
        "height": 864,
        "center": {
            "x": 418.4978386344576,
            "y": 387.0653837396409
        }
    },
    "ground_truth_boundaries": [
        44,
        118
    ],
    "converged_boundaries": [
        37.11775390523014,
        125.93070012244365
    ],
    "cladding_thickness": 88.81294621721352,
    "alignment_score": 0.2500774918081955,
    "alignment_error": {
        "radius1": 6.882246094769862,
        "radius2": 7.930700122443653
    },
    "regions": {
        "core": {
            "pixel_count": 4235,
            "percentage": 0.425487879372428
        },
        "cladding": {
            "pixel_count": 34435,
            "percentage": 3.459663548096708
        },
        "ferrule": {
            "pixel_count": 945513,
            "percentage": 94.9951171875
        }
    },
    "method_counts": {
        "2nd_derivative": 7,
        "gradient": 7,
        "intensity_drop": 0,
        "alternative": 1
    }
}